ID,Name,Market,Category,Capital,PER,EPS,ROE,PBR,BPS,Group_PER,Revenue,Operating_Income,Net_Income,Dividend,Debt,Debt_continuous,Retention,Retention_Continuous,Open,High,Low,Close,DaytoDay,Volume,Highest_Price,Highest_Date,update_date
20,동화약품,KOSPI,제약,3282,22.82,204,5.27,1.16,12534,80.45,763,65,62,1.23,24.34,4,1138.05,5,11400,11750,11400,11750,300,67692,21550,2020-08-11,2022-05-13 7:04
40,KR모터스,KOSPI,자동차,761,-8.77,-48,-25.82,2.25,385,7.94,383,-29,-67,NULL,235.36,2,-43.26,1,786,804,786,792,8,80163,1450,2019-07-05,2022-05-13 6:31
50,경방,KOSPI,"섬유,의류,신발,호화품",4208,16.92,155,2.98,0.46,30043,5.56,1133,223,43,0.91,68.96,4,5624.3,5,15100,15350,14900,15350,200,8396,17750,2022-04-26,2022-05-13 6:48
60,메리츠화재,KOSPI,손해보험,44269,6.13,1605,26.08,1.52,22115,6.71,30394,2696,1939,1.85,1056.04,1,4389.04,4,37250,37350,34650,36700,350,545472,53500,2022-01-21,2022-05-13 7:05
70,삼양홀딩스,KOSPI,식품,6988,3.66,1645,14.53,0.43,226314,11.83,8000,311,104,3.05,83.91,1,3667.55,1,81800,82300,81000,81600,500,9234,134000,2021-04-22,2022-05-13 6:48
75,삼양홀딩스우,KOSPI,식품,190,3.66,1645,14.53,0.43,226314,11.83,8000,311,104,4.42,83.91,1,3667.55,1,62600,62600,61900,62500,200,63,80700,2021-04-20,2022-05-13 6:32
80,하이트진로,KOSPI,음료,24897,29.95,78,6.62,1.93,15657,21.44,5449,337,56,2.65,232.16,1,220.09,4,34700,35500,34700,35500,800,209135,40750,2020-06-24,2022-05-13 7:05
87,하이트진로2우B,KOSPI,음료,236,29.95,78,6.62,1.93,15657,21.44,5449,337,56,4.45,232.16,1,220.09,4,21000,21000,20500,20850,100,1947,28300,2021-05-24,2022-05-13 6:32
100,유한양행,KOSPI,제약,42621,45.05,230,5.45,2.21,28159,80.45,4240,48,157,0.62,27.27,4,2687.89,4,57800,58700,57100,58200,1000,142593,67200,2021-01-06,2022-05-13 7:05
105,유한양행우,KOSPI,제약,667,45.05,230,5.45,2.21,28159,80.45,4240,48,157,0.69,27.27,4,2687.89,4,56000,57100,55900,56500,500,305,72800,2020-06-09,2022-05-13 6:32
120,CJ대한통운,KOSPI,항공화물운송과물류,29884,52.51,2496,1.59,0.7,178753,11.06,30573,998,507,NULL,123.93,4,2700.68,3,131000,132000,130000,131000,2000,74033,186000,2021-02-04,2022-05-13 7:06
140,하이트진로홀딩스,KOSPI,음료,3052,8.86,150,6.48,0.52,23538,21.44,5420,378,62,3.69,289.59,1,990.16,5,13000,13300,13000,13150,0,17340,19750,2020-06-24,2022-05-13 6:32
145,하이트진로홀딩스우,KOSPI,음료,76,8.86,150,6.48,0.52,23538,21.44,5420,378,62,3.27,289.59,1,990.16,5,16300,16300,16050,16050,50,2236,26350,2019-08-07,2022-05-13 6:32
150,두산,KOSPI,복합기업,13566,11.93,1627,11.08,0.97,121631,7.7,26045,1140,561,1.69,206.1,5,2186.51,3,79700,82700,79700,82100,1700,88031,148000,2021-11-15,2022-05-13 7:06
155,두산우,KOSPI,복합기업,2602,11.93,1627,11.08,0.97,121631,7.7,26045,1140,561,2.56,206.1,5,2186.51,3,66600,66900,65100,65100,1500,2803,91100,2022-03-10,2022-05-13 7:06
157,두산2우B,KOSPI,복합기업,951,11.93,1627,11.08,0.97,121631,7.7,26045,1140,561,1.95,206.1,5,2186.51,3,107500,110500,106500,106500,1000,3238,235000,2021-06-10,2022-05-13 7:06
180,성창기업지주,KOSPI,종이와목재,1974,27.99,-129,1.14,0.29,8360,28.45,520,-59,-91,NULL,30.5,4,721.29,1,2680,2920,2675,2830,240,2401188,3440,2021-05-12,2022-05-13 7:07
210,DL,KOSPI,화학,13307,1.47,276,26.52,0.35,173922,8.16,6717,339,29,3.12,83.72,1,5309.5,1,63200,63900,62800,63500,900,39051,86800,2019-06-20,2022-05-13 6:50
215,DL우,KOSPI,화학,669,1.47,276,26.52,0.35,173922,8.16,6717,339,29,5.27,83.72,1,5309.5,1,39700,40000,39650,39650,50,1845,52000,2021-05-11,2022-05-13 6:33
220,유유제약,KOSPI,제약,1206,-67.57,-88,-1.85,1.21,6458,80.45,311,-3,-16,1.34,49.97,1,471.96,1,6890,7160,6830,7000,200,137918,12200,2021-04-16,2022-05-13 7:07
225,유유제약1우,KOSPI,제약,217,-67.57,-88,-1.85,1.21,6458,80.45,311,-3,-16,1.14,49.97,1,471.96,1,9230,9750,9220,9560,340,22389,17200,2021-04-20,2022-05-13 6:51
227,유유제약2우B,KOSPI,제약,62,-67.57,-88,-1.85,1.21,6458,80.45,311,-3,-16,0.61,49.97,1,471.96,1,19250,19250,18500,19200,100,2307,37600,2021-04-19,2022-05-13 6:51
230,일동홀딩스,KOSPI,제약,5412,-2.41,-4352,-80.54,3.13,4723,80.45,1506,-269,-1074,0.68,402.22,1,327.64,1,43350,47950,40150,46900,9100,2887318,59200,2022-04-22,2022-05-13 7:07
240,한국앤컴퍼니,KOSPI,자동차부품,13338,7.52,236,5.53,0.4,39349,12.71,2510,349,224,3.82,9.26,1,7779.51,5,13850,14200,13750,14050,350,85267,21350,2021-02-23,2022-05-13 7:08
250,삼천당제약,KOSDAQ,제약,8788,-59.62,-254,-9.18,5.5,7889,80.45,437,-1,-37,NULL,37.41,1,1428.66,1,38200,39200,38000,38600,550,66616,64600,2020-12-22,2022-05-13 7:08
270,기아,KOSPI,자동차,349829,7,3078,14.69,0.94,87073,7.94,171884,11751,12477,3.65,91.48,1,1561.65,5,86200,87300,86000,86300,0,1609390,93700,2021-02-05,2022-05-13 7:08
300,대유플러스,KOSPI,자동차부품,1289,-72.8,-36,-2.17,1.53,857,12.71,1454,29,-28,NULL,327.91,1,50.09,1,1065,1085,1055,1065,20,403451,1935,2021-06-23,2022-05-13 7:08
320,노루홀딩스,KOSPI,건축자재,1548,107.63,-192,0.43,0.36,35333,21.9,2513,64,-55,3.53,80.89,3,4471.49,1,11550,11650,11350,11650,300,4599,15600,2021-04-23,2022-05-13 6:34
325,노루홀딩스우,KOSPI,건축자재,65,107.63,-192,0.43,0.36,35333,21.9,2513,64,-55,1.21,80.89,3,4471.49,1,35100,35300,34950,35000,100,894,130000,2021-05-10,2022-05-13 6:52
370,한화손해보험,KOSPI,손해보험,5627,3.55,-212,7.88,0.31,12157,6.71,19704,-498,-352,NULL,1289.78,1,150.15,1,4865,4950,4780,4820,45,732330,5440,2021-05-13,2022-05-13 6:52
390,삼화페인트,KOSPI,건축자재,2421,-102.34,-22,-0.83,0.74,12494,21.9,1739,12,-6,1.08,106.84,2,2279.66,1,8710,8950,8710,8900,70,31519,13650,2020-12-21,2022-05-13 7:09
400,롯데손해보험,KOSPI,손해보험,5834,4.19,47,12.3,0.5,3242,6.71,8763,207,146,NULL,1787.3,1,223.25,1,1820,1915,1810,1880,55,427215,2375,2019-05-24,2022-05-13 7:09
430,대원강업,KOSPI,자동차부품,2108,-33.58,126,-1.49,0.5,7461,12.71,2178,-4,86,2.68,70.37,2,1408.43,2,3340,3410,3315,3400,90,58624,4825,2021-02-05,2022-05-13 7:09
440,중앙에너비스,KOSDAQ,석유와가스,1871,434.61,-11,0.41,1.3,13455,12.85,166,0,-1,1.82,8.06,1,2113.47,1,29950,30450,28850,30050,100,86150,47300,2022-03-24,2022-05-13 7:09
480,조선내화,KOSPI,비철금속,3256,12.93,360,3.91,0.39,207776,9.35,2003,70,38,5.56,71.09,1,3199.95,4,80900,81500,80500,81400,500,100,98300,2021-05-04,2022-05-13 7:09
490,대동,KOSPI,기계,4027,7.14,-443,10.06,0.6,16953,18.48,2860,-192,-95,0.79,226.67,1,1028.07,1,16200,16900,15700,16900,900,779457,19250,2022-05-03,2022-05-13 7:09
500,가온전선,KOSPI,전기장비,1053,16.91,128,2.2,0.35,68205,20.6,2984,55,5,1.76,145.78,1,1218.87,4,24900,25800,24900,25300,250,11800,49700,2021-06-04,2022-05-13 6:35
520,삼일제약,KOSPI,제약,1129,-21.08,25,-8.66,1.7,5179,79.52,459,23,3,0.96,268.47,1,919.22,1,8010,8530,8010,8240,240,65212,11700,2019-05-22,2022-05-13 6:35
540,흥국화재,KOSPI,손해보험,2412,3.78,34,8.77,0.34,10599,6.71,10663,52,22,NULL,1892.66,1,111.97,1,3730,3830,3725,3755,45,37480,5190,2021-04-21,2022-05-13 6:35
545,흥국화재우,KOSPI,손해보험,62,3.78,34,8.77,0.34,10599,6.71,10663,52,22,NULL,1892.66,1,111.97,1,8020,8450,8020,8080,0,7733,15500,2020-10-21,2022-05-13 6:35
547,흥국화재2우B,KOSPI,손해보험,44,3.78,34,8.77,0.34,10599,6.71,10663,52,22,NULL,1892.66,1,111.97,1,29150,29150,28250,28650,550,317,43800,2020-04-03,2022-05-13 6:36
590,CS홀딩스,KOSPI,철강,750,5.05,1683,5.87,0.28,226284,4.1,428,42,24,0.78,13.3,1,4384.73,5,64800,65500,64700,65000,200,1549,78500,2021-05-04,2022-05-13 6:54
640,동아쏘시오홀딩스,KOSPI,제약,6571,11.96,-3010,6.5,0.74,154410,80.45,2341,176,-189,1.3,71.71,2,3414.36,1,101500,103500,101500,103500,2000,5405,140000,2020-12-08,2022-05-13 6:36
650,천일고속,KOSPI,도로와철도운송,936,-169.35,-1545,-1.54,2.67,25177,10.85,81,-16,-22,3.71,74.53,2,181.45,1,66800,66800,65200,65500,700,188,92900,2021-05-27,2022-05-13 6:36
660,SK하이닉스,KOSPI,반도체와반도체장비,819003,9.93,4556,16.84,1.45,90394,10,123766,42195,33199,1.18,54.98,1,1643.64,5,109000,112500,109000,112500,3500,3988166,134000,2021-03-02,2022-05-13 7:11
670,영풍,KOSPI,핸드셋,12047,9.72,1446,3.66,0.33,2011830,28.56,9895,-61,271,1.53,41.48,1,37677.4,5,632000,654000,632000,654000,19000,1331,767000,2021-05-11,2022-05-13 6:36
680,LS네트웍스,KOSPI,"섬유,의류,신발,호화품",2719,3.95,81,11.48,0.4,7533,5.56,1078,46,64,NULL,136.51,2,59.49,5,3390,3465,3385,3450,60,122496,6290,2021-06-29,2022-05-13 6:55
700,유수홀딩스,KOSPI,항공화물운송과물류,1557,6.83,305,7.79,0.48,13108,11.06,1506,90,144,6.35,22.95,4,421.75,4,5810,6050,5810,5980,180,21854,8470,2021-04-28,2022-05-13 7:11
720,현대건설,KOSPI,건설,47271,12.18,1129,5.88,0.69,64200,7.5,51805,1913,1266,1.35,108.26,1,1198.84,5,41550,42450,41400,42450,1550,390515,60227,2021-07-06,2022-05-13 6:55
725,현대건설우,KOSPI,건설,707,12.18,1129,5.88,0.69,64200,7.5,51805,1913,1266,0.88,108.26,1,1198.84,5,64800,67000,64800,67000,1700,2031,256409,2020-06-26,2022-05-13 6:36
760,이화산업,KOSPI,화학,483,0.92,92,38.34,0.3,52259,8.16,177,4,3,NULL,17.67,5,945.44,2,17150,17300,17100,17250,0,2132,24500,2021-06-08,2022-05-13 6:36
810,삼성화재,KOSPI,손해보험,96171,9.1,1101,7.07,0.56,363848,6.71,59407,725,561,5.94,512.78,1,64024.1,2,202000,206000,199000,203000,3500,89546,253000,2019-05-24,2022-05-13 6:55
815,삼성화재우,KOSPI,손해보험,5203,9.1,1101,7.07,0.56,363848,6.71,59407,725,561,7.55,512.78,1,64024.1,2,162500,163500,162000,163000,500,4948,188500,2019-07-01,2022-05-13 6:56
850,화천기공,KOSPI,기계,759,7.52,409,3.31,0.24,140159,18.48,557,3,9,2.92,37.97,1,2023.09,4,34850,34850,34000,34500,400,7073,40500,2019-06-27,2022-05-13 7:12
860,강남제비스코,KOSPI,건축자재,1563,2.99,-5587,9.54,0.27,90881,21.9,1678,-65,-359,2,36.57,1,8967.8,1,23800,24300,23700,24050,300,4617,35550,2021-07-14,2022-05-13 6:37
880,한화,KOSPI,생명보험,21326,3.41,1246,20.22,0.6,52527,4.75,139040,7373,2543,2.39,861.49,1,1045.63,5,28100,28500,27950,28450,400,124812,37300,2021-01-26,2022-05-13 6:56
885,한화우,KOSPI,생명보험,175,3.41,1246,20.22,0.6,52527,4.75,139040,7373,2543,2.07,861.49,1,1045.63,5,35850,36500,35850,36500,500,1053,62800,2020-06-19,2022-05-13 6:37
00088K,한화3우B,KOSPI,생명보험,3517,3.41,1246,20.22,0.6,52527,4.75,139040,7373,2543,5,861.49,1,1045.63,5,15400,15650,15400,15650,150,25479,17050,2021-09-07,2022-05-13 6:56
890,보해양조,KOSPI,음료,1212,-134.12,-10,-1.12,1.48,611,21.44,205,-3,-13,NULL,81.74,1,24.34,1,868,878,868,871,1,669445,1345,2021-04-12,2022-05-13 6:56
910,유니온,KOSPI,건축자재,1073,13.57,-1717,6.78,0.9,8391,21.9,560,18,-267,1.66,99.38,1,1435.41,1,6900,7010,6840,6870,10,139791,9600,2020-07-27,2022-05-13 7:13
950,전방,KOSPI,"섬유,의류,신발,호화품",914,422.34,-169,0.11,0.32,126397,5.56,363,45,-3,NULL,166.14,2,905.11,1,56400,60000,53900,54400,2000,7691,62400,2022-04-21,2022-05-13 6:57
970,한국주철관,KOSPI,철강,2314,3.16,1315,21.36,0.58,15753,4.1,1391,56,301,4.4,21.96,4,2754.65,5,9900,10150,9900,10150,250,82412,11100,2019-06-26,2022-05-13 6:57
990,DB하이텍,KOSPI,반도체와반도체장비,30813,10.21,2637,33.35,2.86,25449,10,3679,1381,1174,0.62,40.13,1,431.38,5,68500,70200,68000,69400,1100,595269,85400,2022-01-14,2022-05-13 7:14
995,DB하이텍1우,KOSPI,반도체와반도체장비,111,10.21,2637,33.35,2.86,25449,10,3679,1381,1174,0.49,40.13,1,431.38,5,95500,99000,95500,99000,1300,214,143000,2020-09-16,2022-05-13 6:38
1000,신라섬유,KOSDAQ,무선통신서비스,539,82.18,23,4.41,3.55,634,6.18,13,4,6,NULL,113.28,3,534.42,3,2175,2270,2175,2220,45,110087,3775,2021-05-13,2022-05-13 6:57
1020,페이퍼코리아,KOSPI,종이와목재,1032,6.7,133,25.18,1.44,1111,28.45,1210,102,54,NULL,995.54,4,30.26,4,2120,2210,2100,2170,35,932310,3895,2022-04-27,2022-05-13 6:57
1040,CJ,KOSPI,복합기업,24538,10.82,2171,5.66,0.55,151085,7.7,92835,3693,1990,2.76,154.84,1,2682.28,4,83300,84600,83000,84100,900,30679,118000,2021-01-15,2022-05-13 6:57
1045,CJ우,KOSPI,복합기업,1173,10.82,2171,5.66,0.55,151085,7.7,92835,3693,1990,4.37,154.84,1,2682.28,4,51400,51900,51100,51900,800,774,67800,2021-06-01,2022-05-13 6:38
00104K,CJ4우(전환),KOSPI,복합기업,3145,10.82,2171,5.66,0.55,151085,7.7,92835,3693,1990,3.26,154.84,1,2682.28,4,73500,74500,73400,74400,500,3588,92400,2021-06-03,2022-05-13 6:38
1060,JW중외제약,KOSPI,제약,5556,-554.08,-286,-0.47,2.64,8652,80.45,1695,123,-67,1.38,235.77,1,271.36,1,24850,25250,24500,25050,450,141866,31900,2020-08-06,2022-05-13 6:58
1065,JW중외제약우,KOSPI,제약,69,-554.08,-286,-0.47,2.64,8652,80.45,1695,123,-67,1.02,235.77,1,271.36,1,38000,38000,37950,37950,50,41,70795,2020-08-12,2022-05-13 6:38
1067,JW중외제약2우B,KOSPI,제약,71,-554.08,-286,-0.47,2.64,8652,80.45,1695,123,-67,0.53,235.77,1,271.36,1,69100,69100,68900,69000,100,20,92909,2020-08-13,2022-05-13 6:39
1070,대한방직,KOSPI,"섬유,의류,신발,호화품",2560,168.3,-267,1.13,1.28,38608,5.56,491,-6,-14,NULL,66.79,2,2515.66,1,47950,48300,47550,48300,50,413,57600,2022-03-11,2022-05-13 6:39
1080,만호제강,KOSPI,철강,1038,21.94,99,1.91,0.29,79080,4.07,642,-2,4,0.88,12.82,2,5958.68,2,24650,25250,24650,25000,250,10209,29250,2021-05-11,2022-05-13 6:39
1120,LX인터내셔널,KOSPI,무역회사와판매업체,14671,2.93,2378,22.49,0.54,49349,6.65,45506,2076,1533,8.7,182.98,4,837.29,5,38100,38200,36900,37850,50,330057,42500,2022-04-25,2022-05-13 7:15
1130,대한제분,KOSPI,식품,2822,2.99,-2531,10.53,0.29,534606,11.83,3141,13,-43,1.62,50.08,1,10303.2,1,164500,168500,164000,167000,3000,7396,201500,2019-05-31,2022-05-13 6:59
1140,국보,KOSPI,항공화물운송과물류,853,-5.15,-105,-57.13,3.29,477,11.06,291,-15,-67,NULL,221.31,1,7.4,1,1250,1270,1225,1225,5,458562,2505,2019-07-09,2022-05-13 6:59
1200,유진투자증권,KOSPI,증권,3298,3.84,162,9.93,0.35,10239,3.26,3334,214,157,3.89,854.97,2,79.78,5,3220,3420,3220,3405,175,680927,5000,2021-05-27,2022-05-13 6:59
1210,금호전기,KOSPI,디스플레이장비및부품,453,-5.61,-250,-41.79,2.3,1541,22.34,114,-33,-49,NULL,356.63,4,734.04,1,2155,2240,2150,2170,10,113317,4230,2019-12-13,2022-05-13 6:59
1230,동국제강,KOSPI,철강,17035,2.76,1942,23.41,0.56,28552,4.1,21195,1881,1844,2.52,127.65,4,266.48,5,17650,17950,17550,17850,300,423323,25900,2021-04-29,2022-05-13 7:16
1250,GS글로벌,KOSPI,무역회사와판매업체,3145,8.39,-93,7.56,0.59,4013,6.65,13021,11,-85,NULL,321.2,1,56.82,1,3835,4025,3705,3810,40,8777188,5230,2022-05-06,2022-05-13 7:16
1260,남광토건,KOSPI,건설,1135,6.3,1165,28.15,1.56,8935,7.5,1277,122,114,NULL,212.24,4,154.54,5,11050,11600,10950,11550,400,73295,18650,2021-05-07,2022-05-13 7:00
1270,부국증권,KOSPI,증권,2561,4.23,563,12.68,0.33,74017,3.26,1774,99,75,6.54,149.98,4,973.31,5,24550,25000,24300,24700,250,1858,29400,2022-04-26,2022-05-13 6:40
1275,부국증권우,KOSPI,증권,644,4.23,563,12.68,0.33,74017,3.26,1774,99,75,7.52,149.98,4,973.31,5,21300,21450,21300,21450,150,521,23400,2021-11-15,2022-05-13 6:40
1290,상상인증권,KOSPI,증권,1213,12.58,16,4.88,0.57,2041,3.26,141,34,15,NULL,199.06,2,100.61,5,1090,1120,1090,1120,25,64245,1490,2019-06-05,2022-05-13 6:40
1340,백광산업,KOSPI,화학,2349,15.56,105,8.12,1.2,4293,8.16,516,47,47,0.97,89.52,1,428.6,5,5160,5260,5150,5230,100,168506,8140,2021-06-09,2022-05-13 7:00
1360,삼성제약,KOSPI,제약,2421,-8.12,-198,-32.33,2.6,1896,80.45,140,-75,-133,NULL,14.29,1,242.03,1,3570,3640,3570,3605,30,134706,12350,2021-01-07,2022-05-13 7:00
1380,SG글로벌,KOSPI,자동차부품,791,-14.82,-86,-4.45,0.67,2735,12.71,105,5,-39,NULL,52.08,2,606.84,1,1725,1790,1725,1760,25,59087,4450,2021-04-12,2022-05-13 6:40
1390,KG케미칼,KOSPI,에너지장비및서비스,5373,5.71,-297,17.39,0.9,34343,29.56,13523,888,106,1.63,173.28,2,637.85,1,44500,52400,37800,38750,7850,8599463,52600,2022-04-20,2022-05-13 7:01
1420,태원물산,KOSPI,자동차부품,392,544.24,14,0.26,1.36,4273,12.71,36,-1,1,0.94,19.49,1,745.42,2,5160,5220,5120,5160,0,25115,6530,2021-06-30,2022-05-13 7:01
1430,세아베스틸,KOSPI,철강,6114,3.84,840,10.81,0.39,51306,4.1,9667,418,293,7.54,84.96,1,670.81,5,16550,17150,16500,17050,500,65766,36450,2021-06-24,2022-05-13 7:01
1440,대한전선,KOSPI,전기장비,24889,54.96,21,7.78,4.09,400,20.6,6306,202,198,NULL,266.43,1,54.63,3,2030,2080,1990,2000,20,42908452,4901,2021-06-08,2022-05-13 7:01
1450,현대해상,KOSPI,손해보험,27714,4.74,469,8.82,0.36,63866,6.71,47878,679,419,6.45,954.67,1,11255,4,31450,31450,30350,31000,300,333950,34200,2022-04-25,2022-05-13 7:01
1460,BYC,KOSPI,"섬유,의류,신발,호화품",2748,12.67,15024,6.39,0.78,577324,5.56,495,100,126,0.33,42.05,1,11380.6,5,436000,444000,432500,440000,6000,209,545000,2021-12-24,2022-05-13 6:41
1465,BYC우,KOSPI,"섬유,의류,신발,호화품",377,12.67,15024,6.39,0.78,577324,5.56,495,100,126,0.84,42.05,1,11380.6,5,175500,175500,173000,175000,0,51,215000,2021-12-23,2022-05-13 6:41
1470,삼부토건,KOSPI,건설,4251,39.63,-32,3.67,1.39,1670,7.5,966,-70,-45,NULL,131.23,1,80.93,1,2280,2345,2240,2265,15,5626693,4170,2020-11-17,2022-05-13 7:02
1500,현대차증권,KOSPI,증권,3314,4.06,393,10.58,0.41,29950,3.26,1691,165,152,6.48,658.69,4,499,5,10350,10500,10300,10450,150,53376,14950,2021-01-11,2022-05-13 6:41
1510,SK증권,KOSPI,증권,3889,11.9,-5,6.77,0.69,1448,3.26,2794,17,-18,1.5,929.84,2,175.53,5,810,830,810,823,11,1122744,1110,2020-07-02,2022-05-13 7:02
1515,SK증권우,KOSPI,증권,142,11.9,-5,6.77,0.69,1448,3.26,2794,17,-18,0.51,929.84,2,175.53,5,3610,3635,3600,3635,0,2670,5540,2020-07-02,2022-05-13 6:41
1520,동양,KOSPI,건축자재,3413,21.69,11,2.04,0.37,4010,21.9,1978,6,-12,2.73,28.48,1,716.54,4,1430,1450,1425,1430,5,465199,2785,2021-06-28,2022-05-13 6:41
1525,동양우,KOSPI,건축자재,49,21.69,11,2.04,0.37,4010,21.9,1978,6,-12,1.13,28.48,1,716.54,4,8010,8070,8000,8000,0,5845,20300,2021-05-14,2022-05-13 7:19
1527,동양2우B,KOSPI,건축자재,52,21.69,11,2.04,0.37,4010,21.9,1978,6,-12,0.95,28.48,1,716.54,4,16150,16900,16150,16900,750,158,45400,2021-05-14,2022-05-13 6:41
1529,동양3우B,KOSPI,건축자재,30,21.69,11,2.04,0.37,4010,21.9,1978,6,-12,0.46,28.48,1,716.54,4,34000,34000,33700,34000,0,1164,110000,2021-06-16,2022-05-13 6:41
1530,DI동일,KOSPI,"섬유,의류,신발,호화품",6405,16.86,407,8.01,0.95,29088,5.56,2324,129,118,0.71,73.17,2,4462.36,5,23350,25300,23350,25050,2100,177064,39394,2021-08-19,2022-05-13 7:19
1540,안국약품,KOSDAQ,제약,1330,35.43,241,2.72,0.84,12726,80.45,471,-15,30,2.06,45.95,1,2197.23,3,10000,10200,10000,10200,200,14889,15000,2020-09-03,2022-05-13 6:42
1550,조비,KOSPI,화학,1122,59.04,117,3.54,2.05,10258,8.16,183,8,6,NULL,94.86,1,106.85,2,20950,21650,20750,21600,550,92612,36450,2021-08-03,2022-05-13 6:42
1560,제일연마,KOSPI,비철금속,956,14.33,105,6.81,0.69,12565,9.35,210,13,10,3.1,14.61,2,2044.19,4,9300,9750,9300,9560,160,35073,13700,2022-03-30,2022-05-13 6:42
1570,금양,KOSPI,화학,2230,17.5,242,13.56,1.94,2530,8.16,617,40,119,NULL,168.15,2,289.3,3,4340,4525,4310,4485,140,402480,6240,2020-12-17,2022-05-13 6:42
1620,케이비아이동국실업,KOSPI,자동차부품,621,-2.89,-216,-13.24,0.42,1921,12.71,1340,-579,-204,NULL,233.97,1,322.78,1,701,712,701,712,4,119624,1580,2021-06-24,2022-05-13 6:42
1630,종근당홀딩스,KOSPI,제약,3231,23.96,53,2.96,0.7,109358,80.45,2138,-6,4,1.83,62.82,1,4307.72,5,63700,64700,63700,64500,600,17835,113000,2020-12-18,2022-05-13 6:42
1680,대상,KOSPI,식품,8367,5.82,1414,12.48,0.68,34063,11.83,9050,174,511,3.43,130.15,2,3449.2,5,23800,24200,23600,24150,350,85499,30850,2021-05-13,2022-05-13 6:42
1685,대상우,KOSPI,식품,255,5.82,1414,12.48,0.68,34063,11.83,9050,174,511,4.72,130.15,2,3449.2,5,18350,18800,18300,18600,200,10152,25650,2022-04-25,2022-05-13 6:42
1720,신영증권,KOSPI,증권,5322,10.77,281,6.88,0.35,169749,3.29,3191,85,62,7.01,695.21,1,1837.57,5,56600,57300,56500,56700,200,11968,66300,2021-06-11,2022-05-13 6:42
1725,신영증권우,KOSPI,증권,4021,10.77,281,6.88,0.35,169749,3.29,3191,85,62,7.25,695.21,1,1837.57,5,56900,57100,56800,57000,100,5092,70900,2021-04-22,2022-05-13 6:42
1740,SK네트웍스,KOSPI,복합기업,11851,12.63,-72,4.64,0.5,10056,7.7,29067,213,-199,2.39,293.93,2,252.63,1,4740,4775,4695,4775,125,392608,6410,2021-06-09,2022-05-13 6:43
1745,SK네트웍스우,KOSPI,복합기업,86,12.63,-72,4.64,0.5,10056,7.7,29067,213,-199,0.17,293.93,2,252.63,1,72400,75300,72400,75300,1800,155,132000,2020-07-02,2022-05-13 6:43
1750,한양증권,KOSPI,증권,1642,2.62,913,20.28,0.48,32750,3.26,2166,194,121,5.73,277.8,4,553.21,5,12900,13100,12750,12900,0,15877,20000,2021-09-02,2022-05-13 6:43
1755,한양증권우,KOSPI,증권,99,2.62,913,20.28,0.48,32750,3.26,2166,194,121,4.9,277.8,4,553.21,5,18300,19600,18300,18950,600,71,28300,2020-10-23,2022-05-13 6:43
1770,SHD,KOSPI,철강,360,6.28,1938,15.4,0.9,33420,4.1,295,22,24,0.33,74.96,2,571.29,5,28500,29600,28150,29600,600,11959,35300,2021-04-12,2022-05-13 6:43
1780,알루코,KOSPI,비철금속,3093,69.88,-72,1.93,1.34,2537,9.35,1544,32,-98,NULL,166.57,1,402.06,1,3435,3530,3310,3445,195,1467172,6200,2021-06-07,2022-05-13 6:43
1790,대한제당,KOSPI,식품,4095,14.4,-2,4.08,0.57,5313,11.83,3418,31,-2,3.64,131.28,2,714.06,1,4565,4750,4535,4565,80,5157524,6270,2022-05-03,2022-05-13 6:43
1795,대한제당우,KOSPI,식품,269,14.4,-2,4.08,0.57,5313,11.83,3418,31,-2,3.6,131.28,2,714.06,1,4330,4380,4130,4145,230,737608,6760,2021-05-06,2022-05-13 6:43
1800,오리온홀딩스,KOSPI,식품,8864,11.62,348,4.23,0.46,34867,11.83,6504,867,615,4.08,28.18,1,6285.97,4,13950,14250,13800,14150,300,89173,18150,2019-11-04,2022-05-13 6:43
1810,무림SP,KOSDAQ,종이와목재,748,16.91,-119,2.02,0.34,9520,28.45,351,-17,-27,0.78,45.54,1,1664.99,1,3345,3425,3345,3380,10,165020,4770,2021-01-20,2022-05-13 6:43
1820,삼화콘덴서,KOSPI,전기제품,5260,22.01,-18,15.15,3.06,19654,71.87,595,4,-2,0.83,32.7,3,1746.33,1,49900,51000,49900,50600,700,29152,72300,2021-01-26,2022-05-13 6:43
1840,이화공영,KOSDAQ,건설,1347,-25.05,-159,-10.59,2.57,2308,7.5,665,-31,-31,NULL,125.55,1,243.34,1,6770,6920,6750,6800,30,205892,10050,2022-03-24,2022-05-13 6:44
1880,DL건설,KOSPI,건설,5370,3.6,2017,19.95,0.66,41105,7.5,6342,596,470,2.76,74.3,1,722.13,5,24750,25000,24000,24350,600,45622,38500,2021-01-13,2022-05-13 6:44
1940,KISCO홀딩스,KOSPI,철강,2766,2.36,1690,12.69,0.21,68463,4.1,4600,533,492,2.75,18.82,1,4103.02,5,16900,17200,16850,17100,50,12553,23700,2021-09-08,2022-05-13 6:44
2020,코오롱,KOSPI,복합기업,3308,3.26,-1213,17.35,0.52,64159,7.7,14085,679,-133,1.66,277.24,1,1237.55,1,25950,26300,25800,26200,400,33236,46650,2021-09-10,2022-05-13 6:44
2025,코오롱우,KOSPI,복합기업,185,3.26,-1213,17.35,0.52,64159,7.7,14085,679,-133,2.88,277.24,1,1237.55,1,17400,17400,17000,17150,150,1683,27950,2021-04-12,2022-05-13 6:44
2030,아세아,KOSPI,포장재,3155,2.67,14306,12.23,0.26,491013,13.99,5508,578,551,2.34,81.52,4,12739.5,5,145000,146500,142500,144000,1500,2830,167500,2021-09-06,2022-05-13 6:44
2070,비비안,KOSPI,"섬유,의류,신발,호화품",694,-26.34,-316,-3.32,0.86,3466,5.56,430,-7,-94,NULL,91.88,1,588.97,1,2330,2400,2240,2330,5,653527,4880,2019-08-01,2022-05-13 6:44
2100,경농,KOSPI,화학,2489,15.58,-305,7.85,1.03,11888,8.16,352,-101,-58,2.86,64.18,3,1936.34,1,12600,12800,12500,12750,100,51536,18800,2019-06-20,2022-05-13 6:44
2140,고려산업,KOSPI,식품,1524,16.07,-58,4.32,0.67,4323,11.83,572,-11,-14,1.37,123.32,2,328.62,1,6260,6370,5920,6110,280,2319958,11850,2022-04-27,2022-05-13 6:44
2150,도화엔지니어링,KOSPI,건설,3861,17.18,265,5.75,0.96,7976,7.5,1805,110,90,3.66,87.4,1,1527.74,4,11250,11600,11050,11450,50,2532066,12300,2022-05-11,2022-05-13 6:44
2170,삼양통상,KOSPI,"섬유,의류,신발,호화품",1680,5.25,690,8.48,0.41,142633,5.56,491,68,21,2.16,12.94,1,2655.08,5,55700,56300,55200,56000,300,1770,88500,2021-05-11,2022-05-13 6:44
2200,한국수출포장,KOSPI,포장재,1010,6.43,255,6.15,0.37,68809,13.99,876,10,10,2.75,26.01,1,1237.11,5,25400,25500,25150,25250,250,2965,34900,2021-07-09,2022-05-13 6:44
2210,동성제약,KOSPI,제약,2088,-50.72,-114,-8.51,4.17,2008,80.45,208,-27,-30,NULL,125.2,1,108.23,1,7900,8000,7810,8000,100,25351,11750,2019-06-17,2022-05-13 6:44
2220,한일철강,KOSPI,철강,1450,2.78,272,15.87,0.37,7201,4.1,690,73,73,1.87,90.56,2,1236,4,5390,5510,5260,5430,30,277505,6730,2022-05-04,2022-05-13 6:44
2230,피에스텍,KOSDAQ,전기제품,862,15.84,-12,4.59,0.64,8063,71.87,174,4,-2,2.92,16.19,2,1412.33,4,4270,4380,4250,4380,90,4141,6800,2021-07-19,2022-05-13 6:45
2240,고려제강,KOSPI,철강,6509,3.45,1381,9,0.29,66447,4.1,4817,264,338,1.54,51.04,5,6502.26,4,27350,28650,27300,28300,950,234526,33300,2021-09-24,2022-05-13 6:45
2270,롯데푸드,KOSPI,식품,3960,-385.28,-27196,-0.14,0.43,796390,11.83,2498,-91,-329,2.9,61.76,1,17630.1,1,321000,328000,319500,327500,6000,831,488000,2019-06-20,2022-05-13 6:45
2290,삼일기업공사,KOSDAQ,건설,561,18.04,63,4.84,0.86,4976,7.5,230,9,8,2.33,18.7,1,895.23,3,4595,4600,4465,4525,45,107703,11900,2021-07-02,2022-05-13 6:45
2310,아세아제지,KOSPI,포장재,3766,5.18,1935,13.5,0.66,79766,13.99,2634,141,173,1.71,35.72,4,1495.91,5,42500,42850,41850,42050,400,25953,61000,2021-05-17,2022-05-13 6:45
2320,한진,KOSPI,항공화물운송과물류,4776,2.83,-3039,13.71,0.36,84534,11.06,7017,251,-449,1.99,182.22,1,1217.04,1,31600,32000,31450,31950,250,18610,45600,2020-11-16,2022-05-13 6:45
2350,넥센타이어,KOSPI,자동차부품,6339,147.46,-265,0.31,0.44,15543,12.71,5452,-226,-279,1.54,138.97,1,2752.95,1,6430,6600,6320,6490,220,256575,11400,2021-06-29,2022-05-13 6:45
2355,넥센타이어1우B,KOSPI,자동차부품,209,147.46,-265,0.31,0.44,15543,12.71,5452,-226,-279,3.37,138.97,1,2752.95,1,3135,3285,3135,3215,10,4623,4135,2019-05-22,2022-05-13 6:45
2360,SH에너지화학,KOSPI,화학,1300,173.91,1,0.69,1.17,835,8.16,406,1,1,1.03,30.4,3,66.96,3,1210,1220,1145,1170,35,4435500,1780,2022-05-02,2022-05-13 6:45
2380,KCC,KOSPI,건축자재,30214,-61.15,-20775,-0.92,0.48,657509,21.9,15097,744,-2322,2.22,139.56,2,10879.4,1,344000,344000,336000,340000,4000,27480,477000,2021-09-14,2022-05-13 6:45
2390,한독,KOSPI,제약,2815,95.24,41,0.86,0.82,27900,80.45,1398,64,6,1.53,119.16,1,5321.32,2,20550,20550,20200,20450,200,21066,29950,2020-08-05,2022-05-13 6:45
2410,범양건영,KOSPI,건설,1271,33.45,20,5.79,1.88,3456,7.5,326,17,4,NULL,130.35,1,307.23,5,5100,5290,5010,5120,10,528153,13000,2021-09-01,2022-05-13 6:45
2420,세기상사,KOSPI,전문소매,423,-22.21,-137,-9.91,2.32,4561,127.46,70,-4,-6,NULL,149.55,1,-17.92,1,9750,9940,9650,9900,160,26323,20850,2021-12-23,2022-05-13 6:46
2450,삼익악기,KOSPI,레저용장비와제품,1494,6.72,-360,10.29,0.59,3079,5.61,861,63,-332,2.74,130.52,1,511.75,1,1615,1650,1615,1650,35,87449,2075,2019-07-09,2022-05-13 6:46
2460,화성산업,KOSPI,건설,2839,5.25,1034,7.37,0.37,34410,7.5,1513,181,128,7.94,93.77,1,591.71,4,22900,23050,22500,22800,150,121555,34350,2022-03-25,2022-05-13 6:46
2600,조흥,KOSPI,식품,1152,7.02,4167,11.52,0.77,242899,11.83,691,34,25,3.46,83.59,1,4757.98,5,192000,193500,191500,192000,1000,25,234500,2022-04-25,2022-05-13 6:46
2620,제일파마홀딩스,KOSPI,제약,1917,-73.39,-462,-0.85,0.6,26821,80.45,1846,-90,-162,0.41,78.37,1,4607.93,1,11950,12050,11650,12000,200,8071,26700,2020-11-11,2022-05-13 6:46
2630,오리엔트바이오,KOSPI,생물공학,1087,-22.27,8,-11.77,2.74,446,-54.43,172,10,9,NULL,55.48,1,-11.27,4,933,955,899,917,16,1438211,1900,2021-01-26,2022-05-13 6:46
2680,한탑,KOSDAQ,식품,650,-3.66,-200,-17.43,0.65,1942,12.03,212,-10,-57,NULL,160.4,1,-16.83,1,2565,2580,2240,2300,200,4851885,4280,2022-04-27,2022-05-12 6:46
2690,동일제강,KOSPI,철강,865,6,63,5.82,0.37,7761,4.11,496,4,12,0.7,17.56,2,1397.9,1,4345,4500,4235,4260,175,1120681,5320,2021-05-11,2022-05-12 6:46
2700,신일전자,KOSPI,가정용기기와용품,1584,18.84,-5,10.11,1.8,1175,11.08,456,-16,-4,1.18,47.8,3,136.17,1,2260,2285,2230,2230,55,1310648,2995,2021-07-20,2022-05-12 6:46
2710,TCC스틸,KOSPI,철강,2714,7.9,706,21.49,1.49,6507,4.11,1519,101,169,1.55,136.42,2,476.19,4,11550,11850,11250,11550,200,299848,14050,2022-04-25,2022-05-12 6:46
2720,국제약품,KOSPI,제약,1117,-75.91,-166,-2.24,1.65,3553,82.27,329,-39,-33,NULL,103.8,1,115.98,1,5530,5620,5460,5530,30,35689,9051,2020-08-20,2022-05-11 6:46
2760,보락,KOSPI,식품,1177,69.97,4,3.79,2.6,760,11.99,111,2,2,0.25,23.66,1,280.8,4,1970,2000,1965,1965,5,221666,2910,2020-09-14,2022-05-11 6:46
2780,진흥기업,KOSPI,건설,3331,5.98,90,36.86,1.87,1166,7.81,1542,90,132,NULL,95.74,1,123.8,5,2360,2390,2290,2290,65,2174106,3420,2021-03-24,2022-05-11 6:46
2785,진흥기업우B,KOSPI,건설,52,5.98,90,36.86,1.87,1166,7.81,1542,90,132,NULL,95.74,1,123.8,5,6340,6340,6000,6120,80,6406,9580,2020-10-16,2022-05-11 6:46
2787,진흥기업2우B,KOSPI,건설,49,5.98,90,36.86,1.87,1166,7.81,1542,90,132,NULL,95.74,1,123.8,5,17000,17000,16750,16750,150,317,21900,2020-09-18,2022-05-11 6:46
2790,아모레G,KOSPI,화장품,37931,23.65,-321,5.49,1.2,36853,32.13,14206,23,-731,1.01,24.13,1,7200.87,1,45100,47000,45100,46000,450,165422,80600,2020-01-17,2022-05-11 6:46
2795,아모레G우,KOSPI,화장품,1160,23.65,-321,5.49,1.2,36853,32.13,14206,23,-731,2.69,24.13,1,7200.87,1,17500,18100,17500,18000,250,7636,29000,2019-10-31,2022-05-11 6:46
00279K,아모레G3우(전환),KOSPI,화장품,2567,23.65,-321,5.49,1.2,36853,32.13,14206,23,-731,1.99,24.13,1,7200.87,1,35800,36200,35650,36200,550,1146,52400,2020-01-17,2022-05-11 6:46
3410,쌍용C&E,KOSPI,건축자재,38747,20.89,43,11.12,2.34,3296,21.9,4861,681,219,5.71,115.33,1,3324.22,1,7620,7700,7610,7690,110,474657,8680,2021-06-28,2022-05-13 7:04
3460,유화증권,KOSPI,증권,1449,20.87,11,2,0.34,8013,3.26,36,-2,8,4.81,51.22,1,602.1,5,2550,2560,2480,2555,35,91200,2970,2021-04-07,2022-05-13 6:47
3465,유화증권우,KOSPI,증권,467,20.87,11,2,0.34,8013,3.26,36,-2,8,5.2,51.22,1,602.1,5,2640,2690,2615,2675,15,4867,2920,2020-09-17,2022-05-13 6:31
3470,유안타증권,KOSPI,증권,6686,5.67,-223,10.35,0.54,7421,3.26,5165,626,-473,4.48,864.88,1,48.83,1,3300,3355,3280,3350,85,119520,5120,2021-04-07,2022-05-13 7:04
3475,유안타증권우,KOSPI,증권,461,5.67,-223,10.35,0.54,7421,3.26,5165,626,-473,5.65,864.88,1,48.83,1,3535,3575,3495,3570,35,5376,6220,2021-07-26,2022-05-13 6:32
3480,한진중공업홀딩스,KOSPI,가스유틸리티,1282,-18.87,135,-2,0.34,12363,6.21,3061,118,36,2.4,427.2,1,127.92,2,4295,4440,4275,4340,45,54709,7350,2021-06-09,2022-05-13 7:05
3490,대한항공,KOSPI,항공사,101390,15.41,1174,11.6,1.52,19356,-26.35,29075,7037,4118,NULL,288.48,2,232.63,5,28450,29150,28450,29150,700,985342,35100,2021-06-10,2022-05-13 7:05
3495,대한항공우,KOSPI,항공사,394,15.41,1174,11.6,1.52,19356,-26.35,29075,7037,4118,NULL,288.48,2,232.63,5,34600,36000,34600,35500,100,2513,49700,2021-01-26,2022-05-13 7:05
3520,영진약품,KOSPI,제약,8422,-83.53,-9,-10.56,9.22,573,80.45,539,-28,-17,NULL,85.05,1,14.7,2,4435,4630,4395,4605,195,435121,6460,2020-09-08,2022-05-13 7:05
3530,한화투자증권,KOSPI,증권,8646,9.73,180,9.23,0.75,8572,3.26,3224,706,395,3.13,530.47,5,71.35,5,3980,4050,3980,4030,70,725215,7190,2021-04-07,2022-05-13 7:05
3535,한화투자증권우,KOSPI,증권,473,9.73,180,9.23,0.75,8572,3.26,3224,706,395,1.88,530.47,5,71.35,5,10050,10050,9750,9860,90,23255,31600,2021-04-15,2022-05-13 7:06
3540,대신증권,KOSPI,증권,8175,2.62,422,26.41,0.47,39313,3.26,6067,672,365,7.51,757.95,2,564.92,5,15900,16150,15900,16100,100,32790,21950,2021-09-17,2022-05-13 7:06
3545,대신증권우,KOSPI,증권,3809,2.62,422,26.41,0.47,39313,3.26,6067,672,365,9.15,757.95,2,564.92,5,14500,14750,14500,14650,50,50174,19850,2021-09-15,2022-05-13 7:06
3547,대신증권2우B,KOSPI,증권,1450,2.62,422,26.41,0.47,39313,3.26,6067,672,365,9.24,757.95,2,564.92,5,14400,14600,14250,14500,50,8171,19400,2021-09-13,2022-05-13 6:49
3550,LG,KOSPI,복합기업,117976,5.22,65,12.36,0.61,132574,7.7,7282,2350,589,3.46,17,1,2727.09,1,70800,75000,70700,75000,5100,473725,122500,2021-05-27,2022-05-13 7:06
3555,LG우,KOSPI,복합기업,1852,5.22,65,12.36,0.61,132574,7.7,7282,2350,589,4.48,17,1,2727.09,1,60500,61500,60500,61300,1100,5805,77500,2021-05-27,2022-05-13 6:50
3560,IHQ,KOSPI,방송과엔터테인먼트,1529,-21.26,-47,-8.7,1.84,800,45.82,144,-55,-69,NULL,101.87,2,61.68,1,1020,1035,1010,1010,5,428942,2805,2021-05-12,2022-05-13 6:50
3570,SNT중공업,KOSPI,자동차부품,2900,5.05,-58,9.44,0.31,29158,12.71,1088,94,-19,4.46,34.72,2,759.8,1,8680,8820,8520,8720,150,54810,12300,2021-06-08,2022-05-13 7:06
3580,넥스트사이언스,KOSPI,식품,3234,-79,-56,-12.23,8.52,2559,11.83,104,-43,-35,NULL,44.55,2,416.92,1,6760,8400,6200,7670,1120,9954806,36500,2021-09-23,2022-05-13 7:07
3610,방림,KOSPI,"섬유,의류,신발,호화품",1453,15.02,-5,3.91,0.5,5232,4.75,423,8,-2,1.73,29.37,1,896.33,1,3450,3450,3385,3435,65,73782,4380,2022-04-13,2022-05-13 7:07
3620,쌍용차,KOSPI,자동차,4151,-1.61,-121,305.77,-5.15,-538,7.94,6513,-233,-181,NULL,-2411.47,1,-140.67,2,0,0,0,2770,0,0,0,2020-09-15,2022-05-13 6:33
3650,미창석유,KOSPI,석유와가스,1399,4.15,5513,11.45,0.4,199594,12.85,1129,113,96,3.16,15.1,1,3604.51,5,81000,81900,80400,80400,900,2238,99500,2021-10-28,2022-05-13 6:51
3670,포스코케미칼,KOSPI,화학,98378,81.69,251,7.92,4.67,30845,8.16,5373,205,192,0.21,60.86,1,6069.07,5,124500,128500,124500,127000,3500,337711,183000,2021-02-22,2022-05-13 6:51
3680,한성기업,KOSPI,식품,487,-5.32,-1594,-15.8,0.82,7888,11.83,665,-99,-99,NULL,348.72,1,8.82,1,7710,7960,7670,7840,40,100436,11750,2020-07-14,2022-05-13 7:07
3690,코리안리,KOSPI,손해보험,11399,7.26,68,6.16,0.37,24697,6.71,27462,32,82,5.68,419.29,2,4319.36,4,9420,9540,9400,9470,0,118884,11100,2022-02-10,2022-05-13 7:07
3720,삼영화학,KOSPI,화학,1083,30.03,41,7.32,2.09,1434,8.16,369,-2,5,NULL,132.81,1,184.99,5,3150,3205,3125,3185,5,97921,4760,2021-07-20,2022-05-13 7:08
3780,진양산업,KOSPI,화학,1030,17.56,109,13.64,2.29,3652,8.16,202,18,14,2.09,64.04,1,652.88,4,7910,8090,7870,7920,20,152325,13650,2022-03-10,2022-05-13 7:08
3800,에이스침대,KOSDAQ,가구,4636,7.47,1568,11.95,0.78,54880,16.27,917,229,174,3.09,14.21,1,5070.75,5,42500,42800,41500,41800,250,1534,67400,2021-08-18,2022-05-13 6:34
3830,대한화섬,KOSPI,화학,1647,6.76,2783,3.61,0.19,660594,8.16,351,-7,37,0.6,22.34,1,7199.14,5,122000,124000,121500,124000,1000,669,174000,2021-06-11,2022-05-13 6:34
3850,보령제약,KOSPI,제약,8174,22.34,83,10.58,2.03,7192,80.45,1656,52,57,0.68,74.7,1,1349.33,2,11450,11950,11450,11900,450,99574,20785,2021-01-12,2022-05-13 6:52
3920,남양유업,KOSPI,식품,2783,-6.13,-20596,-6.98,0.42,960522,11.83,2454,-198,-183,0.25,15.31,2,18758.6,1,383000,389000,383000,386500,3500,490,813000,2021-07-01,2022-05-13 6:34
3925,남양유업우,KOSPI,식품,336,-6.13,-20596,-6.98,0.42,960522,11.83,2454,-198,-183,0.53,15.31,2,18758.6,1,200500,204000,200500,201500,1000,120,445000,2021-07-01,2022-05-13 6:34
3960,사조대림,KOSPI,식품,2827,3.69,781,16.06,0.44,57550,11.83,4643,154,94,1.19,119.61,5,909.2,5,30300,32000,29950,30850,950,132578,41400,2022-04-25,2022-05-13 7:09
4000,롯데정밀화학,KOSPI,화학,20511,3.31,8757,30.43,0.87,86322,8.16,5226,849,2259,3.07,23.87,1,1627.58,5,79900,79900,78600,79500,600,74895,101500,2021-09-29,2022-05-13 7:09
4020,현대제철,KOSPI,철강,54046,3.74,2484,8.54,0.3,135836,4.1,64405,7721,3368,2.44,102.86,1,2437.63,5,40000,40600,39950,40500,550,388980,58200,2021-05-11,2022-05-13 7:09
4060,SG세계물산,KOSPI,"섬유,의류,신발,호화품",1393,2.95,-22,21.32,0.57,1207,5.56,401,3,-45,NULL,26.26,1,139.54,1,683,692,675,688,6,781629,969,2019-06-13,2022-05-13 7:09
4080,신흥,KOSPI,건강관리장비와용품,1577,11.44,515,13.91,1.5,10783,16.28,357,43,49,1.36,36.68,2,1434.43,3,16700,16700,16350,16600,100,17098,19600,2022-03-14,2022-05-13 6:35
4090,한국석유,KOSPI,화학,2006,12.64,371,7.59,0.9,12581,8.16,1864,49,46,0.97,122.26,4,2402.67,3,15600,15950,15550,15800,150,330598,26500,2021-04-19,2022-05-13 7:10
4100,태양금속,KOSPI,자동차부품,488,-4.44,-315,-12.62,0.58,2312,12.71,1221,-14,-128,0.37,384.64,1,172.63,1,1315,1345,1310,1330,15,149052,2715,2021-09-09,2022-05-13 7:10
4105,태양금속우,KOSPI,자동차부품,80,-4.44,-315,-12.62,0.58,2312,12.71,1221,-14,-128,0.4,384.64,1,172.63,1,2430,2430,2370,2425,60,9926,5100,2020-02-12,2022-05-13 7:10
4140,동방,KOSPI,항공화물운송과물류,1557,-214.8,-204,-0.65,1.49,2706,11.06,1653,100,-88,NULL,304.13,4,188.41,1,3240,3360,3210,3245,10,218648,7428,2021-02-18,2022-05-13 7:10
4150,한솔홀딩스,KOSPI,종이와목재,1422,6.91,38,4.22,0.29,12394,28.45,1265,41,27,3.38,19.01,1,1138.77,2,3335,3415,3335,3385,45,42107,4885,2019-06-24,2022-05-13 6:35
4170,신세계,KOSPI,백화점과일반상점,25105,8.15,5808,8.54,0.67,380637,6.39,19340,1952,941,1.18,136.78,5,7083.79,5,254000,259500,253500,255000,1000,51675,327500,2020-01-14,2022-05-13 7:10
4250,NPC,KOSPI,가정용기기와용품,3643,16.85,113,8.49,1.37,7686,10.81,1259,34,47,0.95,54.69,3,1388.9,5,9890,10100,9890,9920,110,767535,13200,2022-04-28,2022-05-13 7:10
4255,NPC우,KOSPI,가정용기기와용품,306,16.85,113,8.49,1.37,7686,10.81,1259,34,47,2.43,54.69,3,1388.9,5,5920,6250,5720,5790,130,294919,8630,2022-04-28,2022-05-13 7:11
4270,남성,KOSPI,전자장비와기기,1086,16.02,93,6.28,0.83,3790,19,359,38,34,0.8,143.53,2,541.88,4,2960,3035,2960,3000,45,144123,4040,2020-11-25,2022-05-13 6:36
4310,현대약품,KOSPI,제약,1590,-152,37,-1.18,1.58,3115,79.52,375,26,12,0.61,84.19,3,539.78,2,4770,5040,4770,4970,185,192053,7470,2020-12-23,2022-05-13 6:55
4360,세방,KOSPI,항공화물운송과물류,2220,5.24,-68,6.01,0.29,40550,11.06,3038,47,-16,1.67,38.8,1,7558.05,1,11500,11550,11400,11500,0,42318,15350,2021-02-02,2022-05-13 7:11
4365,세방우,KOSPI,항공화물운송과물류,260,5.24,-68,6.01,0.29,40550,11.06,3038,47,-16,2.85,38.8,1,7558.05,1,6990,7050,6970,7050,80,676,9040,2021-02-02,2022-05-13 6:36
4370,농심,KOSPI,식품,18430,19.41,4467,4.73,0.84,377778,11.83,7077,314,270,1.26,31.77,4,7246.61,5,303000,303000,299500,303000,3000,8550,349000,2020-07-14,2022-05-13 6:55
4380,삼익THK,KOSPI,기계,2782,23.29,296,6.1,1.37,9536,18.48,877,71,62,2.29,91.6,4,1787.77,4,13200,13350,13150,13250,150,26528,15200,2021-04-30,2022-05-13 6:55
4410,서울식품,KOSPI,식품,1121,-20.44,-5,-22,4.75,69,11.83,145,-15,-20,NULL,177.81,1,-30.54,1,300,304,297,299,2,5689638,510,2021-03-12,2022-05-13 6:55
4415,서울식품우,KOSPI,식품,84,-20.44,-5,-22,4.75,69,11.83,145,-15,-20,NULL,177.81,1,-30.54,1,3710,3780,3710,3780,5,16422,6640,2020-12-07,2022-05-13 6:56
4430,송원산업,KOSPI,화학,5808,7.12,1088,14.43,0.95,22636,8.16,2835,366,261,0.93,105.36,1,4440.31,5,24050,24750,24050,24200,150,235571,28100,2022-05-03,2022-05-13 7:12
4440,삼일씨엔에스,KOSPI,건축자재,1198,NULL,183,NULL,0.43,21552,21.9,626,-3,25,NULL,27.02,3,2105.82,3,9490,9740,9340,9410,80,19282,16200,2021-04-08,2022-05-13 6:56
4450,삼화왕관,KOSPI,포장재,960,65.89,24,0.99,0.55,78782,13.99,371,21,1,2.87,69.39,2,1311.59,2,43750,44700,43750,44550,800,272,55200,2022-02-15,2022-05-13 6:37
4490,세방전지,KOSPI,자동차부품,9660,12.6,799,7.38,0.86,88025,12.71,3853,208,112,0.79,38.98,1,17049.7,5,68200,69400,68100,69000,1000,55643,112500,2021-01-28,2022-05-13 6:56
4540,깨끗한나라,KOSPI,종이와목재,1640,18.42,59,3.75,0.67,6103,28.45,1565,7,22,NULL,160.88,2,388.44,2,4445,4555,4330,4405,35,217500,8270,2021-04-22,2022-05-13 6:37
4545,깨끗한나라우,KOSPI,종이와목재,81,18.42,59,3.75,0.67,6103,28.45,1565,7,22,NULL,160.88,2,388.44,2,22000,22150,21500,22150,0,2715,45950,2021-04-01,2022-05-13 7:13
4560,현대비앤지스틸,KOSPI,비철금속,2473,3.58,980,15.07,0.5,32770,9.35,2234,216,149,0.61,54.45,2,553.52,5,16250,16550,16200,16400,200,70327,23800,2021-04-30,2022-05-13 6:57
4565,현대비앤지스틸우,KOSPI,비철금속,80,3.58,980,15.07,0.5,32770,9.35,2234,216,149,0.2,54.45,2,553.52,5,72100,74300,72100,73000,0,720,107500,2021-02-01,2022-05-13 6:37
4590,한국가구,KOSDAQ,식품과기본식료품소매,1036,4.42,863,17.79,0.75,8612,18.31,285,44,130,2.71,29.99,4,7389.08,5,6780,6930,6780,6910,70,110588,9070,2021-06-30,2022-05-13 6:57
4650,창해에탄올,KOSDAQ,음료,1282,12.33,198,7.41,0.74,17750,21.44,258,31,19,4.55,37.93,4,3172.69,4,13700,14050,13400,13950,150,82892,16150,2020-02-24,2022-05-13 6:57
4690,삼천리,KOSPI,가스유틸리티,5393,6.19,-2712,4.52,0.23,392735,6.21,12044,-129,-83,3.3,190.75,1,6815.49,1,127500,133000,127000,133000,5500,21429,129000,2022-05-13,2022-05-13 6:57
4700,조광피혁,KOSPI,"섬유,의류,신발,호화품",3128,32.4,65,3.24,0.51,106105,5.56,227,2,4,0.55,16.96,1,740.38,5,47200,47750,47000,47050,150,1103,64100,2020-06-19,2022-05-13 6:38
4710,한솔테크닉스,KOSPI,디스플레이장비및부품,2087,-26.88,-283,-3.35,0.88,8848,22.34,4422,-77,-91,NULL,183.41,1,87.7,1,6260,6540,6260,6500,260,48388,9490,2021-01-19,2022-05-13 6:57
4720,팜젠사이언스,KOSPI,제약,1251,4.77,891,30.85,1.26,8356,80.45,325,7,133,NULL,73.58,3,1555.45,3,7750,8200,7750,8080,320,126356,15900,2020-08-21,2022-05-13 6:58
4770,써니전자,KOSPI,전자장비와기기,1103,36.06,16,6.82,2.38,1956,19,40,2,5,NULL,13.22,1,271.06,5,3215,3295,3110,3165,50,1145592,6630,2022-01-05,2022-05-13 7:14
4780,대륙제관,KOSDAQ,포장재,844,10.75,72,6.38,0.67,7671,13.99,632,7,11,1.95,43.59,4,1432.89,5,5280,5370,5250,5310,30,54668,8720,2021-06-23,2022-05-13 7:14
4800,효성,KOSPI,복합기업,17384,4.55,3660,18.04,0.72,131860,7.7,10679,1466,900,6.86,75.72,1,7071.7,4,81000,82600,80900,82500,1700,29370,128500,2021-07-16,2022-05-13 6:58
4830,덕성,KOSPI,"섬유,의류,신발,호화품",1220,43.52,86,7.83,2.87,5252,5.56,337,15,15,0.3,47.42,5,919.35,5,7260,8080,7260,7780,540,890875,32850,2021-06-02,2022-05-13 6:58
4835,덕성우,KOSPI,"섬유,의류,신발,호화품",145,43.52,86,7.83,2.87,5252,5.56,337,15,15,0.29,47.42,5,919.35,5,9980,11300,9980,10400,400,99829,52400,2021-04-29,2022-05-13 6:58
4840,DRB동일,KOSPI,자동차부품,1164,-25.86,130,-1.13,0.28,18916,12.71,1412,-7,12,0.57,74.94,1,4536.05,2,5610,5840,5560,5840,280,70951,8660,2020-09-04,2022-05-13 6:58
4870,티웨이홀딩스,KOSPI,항공사,822,-1.12,-186,-118.36,2,491,-26.35,721,-295,-350,NULL,802.48,1,-12.38,1,735,780,735,751,13,310260,1708,2019-08-22,2022-05-13 6:59
4890,동일산업,KOSPI,철강,4123,8.25,4341,11.48,0.8,185606,4.1,1367,134,105,2.68,17.84,2,3339.29,5,165000,170000,162500,170000,2000,2604,183000,2022-03-04,2022-05-13 6:38
4910,조광페인트,KOSPI,건축자재,1014,-4.6,-1337,-12.94,0.51,17256,21.9,649,-23,-171,1.14,98.86,1,2379.14,1,7700,8040,7690,7920,110,26796,11300,2022-01-20,2022-05-13 6:59
4920,씨아이테크,KOSPI,컴퓨터와주변기기,429,-8.51,119,-15.91,1.27,1202,-41.93,180,22,49,NULL,66.32,4,127.97,2,1070,1115,1065,1075,5,272694,2035,2021-04-27,2022-05-13 6:59
4960,한신공영,KOSPI,건설,1799,3.75,2254,7.55,0.27,58000,7.5,3884,204,246,2.23,212.79,1,969.73,5,15800,16050,15550,15550,200,67490,27500,2021-05-10,2022-05-13 6:39
4970,신라교역,KOSPI,식품,2016,4.82,556,8.32,0.38,35004,11.83,814,17,89,3.73,23.15,2,6788.88,5,12500,12600,12400,12600,50,8071,15450,2021-06-11,2022-05-13 6:39
4980,성신양회,KOSPI,건축자재,2917,64.89,619,1.57,0.99,16637,21.9,2251,204,156,1.21,170.91,3,205.29,4,12050,12300,11800,11900,250,256562,20200,2021-12-20,2022-05-13 7:16
4985,성신양회우,KOSPI,건축자재,127,64.89,619,1.57,0.99,16637,21.9,2251,204,156,1.42,170.91,3,205.29,4,17050,17650,17050,17300,50,25062,27000,2020-07-28,2022-05-13 7:00
